wallet,stake_fixed,boost_fixed
7SKWR25K5M4KSV5GEQSBZF3YDGJ6OFDTWIB5IYBOA6DLLJD2ESYYZS674Q,28993.33332,22954.7507
LQSOZ532NBPMZ2HNGKWD3ETTMPUYFVFTXBP5CSXAVTELZMG2U7DS5LTKXA,16133.98979,12773.68522
3XPAPVWA7WQKDQ2OGMJCHJ5RZA3K34O6XB7ZXHRHNHTVQ6UQC76URMZXVM,12071.66666,9557.441899
HJUT4ONYI6X7RIIBNKW2J2FG5AVLG4VY2MNMYETN44T6PR6UMFJBAB2MTQ,12002.86633,9502.970953
JXTLNJBPBIAIUXGHL37MWFRICYCG2KZ74SMF7B2FCQFG57LS7FD2QFH56A,9521.30291,7538.254819
UG3D6OQU577EQENQVIXTRE7OHBUJYTO77X4V77UJAQGJIWWUK4UXGHAQAM,9139.732419,7236.155871
2F56TWDI37OB4ETLAICAALRFLUAVD67RGUD52VMO7XM5FIXJRYV7OLO66M,8333.33333,6597.709445
2AR7CHVBPN2A4NIX3M44CSZX2YZ6AWVDHUWG7GFXYYCJMHO7JET47STIO4,7771.666667,6153.023831
RVDFXLJIHGZUQ4GXMI7YTPRFTCC2WXWLZDQDHLMYULQ6SRLOV4XAXMJGRY,7655.257452,6060.85973
T5NPCKOB7BJFZBXK3VYUJIJ6VWUUDKV3ZUJCJZUAOL7RB2TSNH4XVQLHHA,7218.333334,5714.935924
MEME5QEUYPK6T3DVHAU6A45RYC4JHMU3U45OCCCWZJH47HVKGKW3PZP5AM,6500,5146.213369
JSFO6DSF4BTN6ORPIAM2HVNCREPC5TRQOYQE4PNTXLOCR2F34PTEIBXGEI,6334.378283,5015.086493
U3UJVOC54NNMVDHFZ7TTHRFCCCJH2FM4ZSCEZVUN6LJMCR2VZEYJSPYI34,5194.382479,4112.523163
5MPYZCD3QVYPN7VOM5RMKTWVBZH6UKMXVEKGH4OIMDNAUBPQ5ONLK2HIDY,5044.768311,3994.069865
WG5O5FW7CXP2NIX23YF4MUKK7VCXAQFLTCGR4J2OXZZV52VFQOLQJ3I3IM,5000.814001,3959.270133
JTLHEQGZPJ5ZSSUVZLVPQ67ELIS7JGWF7FQLPOBPS3LRDFJOBWC62EZWUE,5000.332312,3958.888768
P6TLGM3NSQRGQLX66WU4EBYSDYFUPFWKPKIA4YQTHNFQZC4CV6YXPAMEPM,4670.495318,3697.74853
M73MP4VRB3NVR3VTL2EZPKF4F6NUVCCWAJPDAGS3OETOQ2DFGMFXPEVUSA,4446.986056,3520.79063
DDPLJ6LMX7GXVVHU7DX7O2Z5PAFK22C2J2HF6JY2MYD7RRBPKX3E3IBMNI,4378.09824,3466.250414
4NQ27UW5YM2WXM6OHQXSZ6SNS5O3SUIKJCBNXADLS7CZIUQ3CGRPJ3Q2EU,4366.718163,3457.240521
2QMQHSZFCZ4MQXFPCYRJRLX3SNAQS6KSDIHQQY5V6MS2P6HF4VZOFHO5SQ,4082,3231.821996
6ZEA2BNTJ2MSIYK6ETAQPTPTVFI33GZKS4Q4KFANBZ6BA7XQTMF7EMUASU,4070.54035,3222.749103
SCYYWZFKO7KLFDJQAJVRHEF6BC7VG3ZEDIJ3WUKEP7AYPWFHIVN5LUUOUM,4053.813354,3209.50592
QWKPBRQEBQHP6OWBRVDNRQO3TKFNA6KUVOEWA3LPA3EXKKU5U4W5WZ4B44,4042.131782,3200.257325
GB26ATG6O3YKU4ZMF33N4SYNWIO6ZTRRY7J6RNHNDRERHQ3I7KSYCBSMNE,4035.495269,3195.003031
RNIP7XCDKKE5LFM6SBORGJUMS6BI4HIVBHAOP5JX3KLNMGGFJBGGFU7CXM,4030.108858,3190.738474
XGT3TEA4PYE44TMNLB5VQLBCUD2XYQDMOTTQ5ADE7A33XKU4DFME4KADGM,4024.289507,3186.131148
4MMC5Y7F4NHON3KACD62PWRC7LBPSSUEYWVAHJTBHO5IZ2CMZK3ZFM4VZY,4017.333331,3180.623769
SQZ4JINKPFGYP2UZQIB4ZJE7KRLBTOA3NNC3HHA76PHNGGDK43TNB66RAA,4015.178045,3178.917374
WDT32RC2NKNBWLR47UUMGEBLYY4B6UVY3QUBE2PJF2UQLTAI4ORRJDM56Q,4009.364122,3174.314345
DZXL3ERE5LAGQNMT4QLPDNCOD7WHCSY3MBG3HHX42RKJRNGQVMPFYQ4JUI,4006.584153,3172.113374
7XKG4O2I3QYUAOT5CPMWZWXGCPFLWUWVMNZ3NTYIFHW2JAHFQHQR6SHNQM,4001,3167.69226
DLKHM6ZMTYWDQM5FHBEK577BUUNH6MYTR6DE4NU4ZB7WDA422Y6KVMPPAM,4000.807916,3167.540182
HI73LK3OZW272X5XFNC3BHV4KD7K4ODEG4A4TRC5SK57XXQ5W7OEQEE7BU,3542.023954,2804.309388
T5YO7HNXY6KKVQKDRLY5IBGMWKCQQ3PFQPVOQCFXX65QWCH4YD7DZ36RLY,3512.27,2780.752435
7SRO7LL7DKUIBRXMCBAW777BSBM7AIDXV2TIFIWWW52QCWHIQ4J7BHLDGE,2636.284666,2087.21283
5IDCMP54CHZP3E5VG5GJTVWHHTA5CVANRZCPGM7FK6LV3IINL56SFVG2RQ,2548.791754,2017.942492
UPQ33WUL4XXXTOEVNZ62R77CNM5TGAORSRXGKN6WC245ELEQZXIMB7NNM4,2501.666666,1980.632376
MULEX5X35HF5BORNJ6QAUVFZG26BY4RYZQOM6C6LYNKJSSCUVL53M7A5YQ,2430,1923.892075
7EO3FG5TMMISIJYWYFVZFWL7B4OESLDSCEHZEG24EZUHWY5NJRTDSUFHYY,2410.397463,1908.372254
MNGDLZE2EZEDEOAJ7FNLIS4XYJZSN7WZM72WNUYUMRVQSQBEJ3ISXZBHZE,2326.466411,1841.92193
AT3NKI276H7VVMYJ7WDMSYSIO2LCUNRTEMOJAMBOTKCNLJB6PPXFFLAN2U,2268.333332,1795.896511
COPG6MRKPPZXRA5QY4JSIDJ3225WZ7HNQYDJCKW6NYS4T444FAJJB4SGCY,2246.40977,1778.539075
53NYYCQXXWB53JTBVMP2YLJ7L2UCLYGEO3QJZLF5OX3KMN653C2EOTVB5Q,2221.666666,1758.949338
27MWPIUXVPP6ZPPGN6D3C7HCLRU4I4F2VJNKKPOJ5ES7LOHKKZ6SPWF4M4,2092.458071,1656.651646
VCE3M2GSAON73IWXTXZJFSSJT5ENIP5FGMVNUJUN2RIKJYO75HAF4G6ZNQ,2003.94249,1586.571636
NREFHQ7NGLTZU54WQIZJDLNQ4JTBT6MNNOQYXADLCVIUP3QEMT3CZ7GUFA,2000,1583.450267
GDPBCSCM6WQFBSG4SYUHF4SY74U62TMPMRPVLHU6ICXTG6GKPCVAW2DCIE,1754.802319,1389.321101
5VZ3AYULYY4ZCE7OMJG3I6UGJDAFHDP65F33NWCFDHU2KVYYHLBTKIS2RA,1665,1318.222348
ZV5I6XMQPE4D5S2Z54ME32RVR6EIU5BCTUD4NU6FE2BTAVU6N6OH4H7IKA,1665,1318.222348
O6PO62IGTA5ROIBCZIQL2ZQUVWA5D67NIFRZL2CX2DMR3CGNOUG23444ZM,1586.133035,1255.781389
VCTKDCNWTGSCZZODGNGHJRWBLG3ZRV5J6XWNRDFUXC5LF3QS4DTZWYNDJQ,1533.060988,1213.762916
TMJXQ6TJX6F4K4MHD3PHHDJC3LQ5QORQOSZWQKUTD4ZXWQ67DXOW6FI3RQ,1500.039158,1187.618703
XOUKHPKESIR47NQYBLW4J5RBXIMBEQ6Z6IPZ3GM5QDPP23AUL6I2C647RI,1455.263337,1152.16856
2MQJKB6CDFCTWXYMSFNDBJWFGIBAR2FD7VTQH2YBX2WWVWKBT2KKHRUECA,1436.018185,1136.931689
EXRCQMLJK6RSJ5PRS3PHRX6BQPGT5P5GCP2ZTOO6Q4QI32O3MKGQN6DYB4,1428.422835,1130.91826
LONZI7OWNNVLGH3RINJVIWNMGKIOVNFEVOADBX5POTDRKQFEF2BGK3ILXU,1351.449468,1069.976511
D5AKGZSJUZZS4DI744ITWGMWIPDE5QGTO2TAZXMTNILPJOG7Y7JNFY77W4,1268.138757,1004.017327
52LRI34PAIXVIJCHKENEGNNQIVAWD26QF2YHUYVW7VOXKCXJSXR5ONC5VI,1266.666666,1002.851835
FD44LVH2M64JQVT6ZPCZZIOX4KK2YY5IDXUM5KZAEPO6TIEPP4M6JX3FQ4,1242.344228,983.59515
IB7PDYX4TFOJ2K2WZAIYO3DLPPDSCWUNKG6FWAILFUCY7HI3GUJZBCYUAU,1194.192546,945.4722531
BFG3WWTVXAR5UYAH4YU2Z2BHNRME4ARDTBD5N37WMD2UT3OHROWI4QWC3A,1177.52762,932.2782124
P55D3UDAE74KYXB244G5H7UURERS6O6DPQB27KAU627G32TXRESX2TO4KE,1157.956654,916.7833867
VDSIMOHSVYGUDRO3XUYUB3LH4ABZDIXLBGZVCWGVDKIG6N3HVO6XM32UIA,1153.929595,913.5950629
3LUPKER4VES76ZLBNOERHV7GAG5EHRLEVCIFFHR2XQHRLWVRR2EOD5BQOM,1140.022637,902.5845747
2DX6TGMA3CT545BRVMBHQZEO2NRKBPV55B7WCT5ZBH5NY22367VPCMBKAQ,1120.434404,887.0760783
WUQC6USWJYXYQGJDVBS3X2LV6LTYA7CEMWQQAPSD5S76KDY2URH6TG243U,1119.57635,886.3967354
OLWKU7T4QQOSRJU5MV5K5PU5PUEMTKJJ546YTHNYRZIKC6E7VGNTAZQBUM,1117.21169,884.5245746
PPXAV3BEPN4J2RK3FPRBTXEIMKKXA2ELRUSYJYCN2CQK262FSQBD6SX354,1110.37253,879.1098397
UFBQLGRMGXSH2NPOU4OJSZNYFGPEAFI5SKIZB7QAU2QK3UO6QNW2L3W534,1110,878.8148984
PHONESEDWNAA2PAZNFRVVHTHX6ZRQVEKIA2LMTFQ4IB3O4Y7BLFWJPYUDI,1110,878.8148984
G2TWH3ZX4QZLRRQSCHFHZO6EZHSERNBVP6IXQUJHMY2IF4EGK5PH4PP3JI,1110,878.8148984
GQFEZ6TPQDGIXR7LM27D26R3DTLKLSOJSKT64C2ECJNJCDK2K2KQBOGPG4,1110,878.8148984
YAQP6TTIQW4OWOV52MT4HWWRNTKSZORGCDJWYJWYWGC3OQMAJ3F726OUNI,1110,878.8148984
P6UXRZFCJSZGAZDIT6XSEMNKO5RY35IVYCVKJCYZ7ZLZVOS5JT4K7KAN7Q,1110,878.8148984
JJ7WAHQDWLCHNKEZPLGKFF4Y4OLKYY2HNZH7GBBCZXZ3Y4LKVBSXM6RMR4,1109.273577,878.239771
2MYOYKJG2UICB455Y4LZM526X5TNOCPTOP54ASZ23ZMUWVVCZNAIXT4NEE,1100.799235,871.5304215
RBTV3N5Y7IDK26DE7NZKFOV6OJMK7DOGLWUEJEZJ6ZYSIPLOA5JYRLDUZU,1100.509805,871.3012725
RLTGYGSNQLHZDZYR54V5AFEOZK53V4XVBLVD5XLFQIC2G4QN3EVXERR2QM,1099.081722,870.1706233
N3GH3H7QPBHR4T66I5SFN32AHMFS43OQHEGVTEVTAQ3DKATORGLNL5EQQA,1097.429388,868.8624289
KS73UBE263ET2Z2AFDXYECK55GK56ACNSQ6UKEXWXVR3WLSVGEHDOE5QZI,1096.25855,867.935447
5GVT4VAYH2MD7HANEHTAKU4RMJ6LJRJQCITPNSVDZZ6DSZ4JP5QXWJQ35U,1092.605739,865.0434248
FZVB63Q2OB5SRYJFIWLMXYPMD3HK7BO2S4RCZ7IGWNLHKJUOFJJG2RLTNE,1086.556695,860.2542446
MJLT3V6D4JLAXAYHY77LQRT6OQFHYJAURDSGQBIDVPIWDY5N7SCKZ4VS2Y,1085.122733,859.1189408
M3JUSXUDTTGGO32A5QENRPY5RCARTOC2EBIM37HYQV7GPY4FHJ643HA33Q,1082.470095,857.0187807
KK3GZYRI3SBJ7AA62IO6UOITVXHQ2NSMSJH743ARSWFHS2KLQ47BX4BNAE,1081.481657,856.2362095
IZ3Z5HHJSRIYKB7RWLNY7M3HNCWHWFYMD7Z5UNDY3KVLCXHDLLJ27HI3Q4,1056.111153,836.1497438
FSWBKO5OCS5OTNHGURXN7BKXTVG37RBYWKYHN3ZNRS7KL4ZUKJELSJ7SKI,1055.418984,835.6017362
XUAZZX7LQ4ZVL4M4PD6HWHNVTO6H6XJL3455RH6AGBWZWVPGXPQBXYC6M4,1041.507924,824.5880004
BYWMWZSFVSADUVDB3MGZCKGJVEFNPQBVWTCIDZOGXNDWGCN7V63RM4AI6E,1033.410457,818.1770322
PE6CMTIJFQ7L4EO2UL5TB4YFZ2Z2B5GSBQV57EXSHCMPRLR5FI6JS2ZTXI,1030.864537,816.1613634
DFYGJM3Y2EERFI5ANZTHCJSXHBLGM2DBC56MZNMPT3FLW76VI7RZLCWMKE,1028.285798,814.1197109
PMG2HD4WZRZATN3G73OCKOSI7WCRSZJ2GV3MHZLUSLFK6E72GNUQAHACDM,1021.418158,808.6824277
7M64XE5BEPFS44FTTQ6NEGK6UZWAZDCSNV5WQLGGBP3J3AWWWGRNJQA354,1018.467316,806.3461719
FQZASQHLGOUDVIGF3JVBTXF4CZQ7KMHHET2EMM7ECT3MP7C6ZSN7QNCMZU,1016.875523,805.0859094
CCGGFAZXKYTQCBUR4ILWE3THHPSSIGSDVYHG53MFCBFQN57KUJCTNOBTAM,1016.666666,804.920552
YDWWQ53Y5ZY6RT2T6CDHSTW5O5F6R43CYAT5OSUKJ6CVCXSWPCB2KL6574,1016.619918,804.8835405
F6K6DXJCFJYI7TWIJJ3L3MZC7VS7AGZV7NWXBKSR7XNBJ4M5QDPN2MASBA,1015.078775,803.6633788
LGYJKWWK2F47CYDRHVB2XF3PJVKB3SAY4LPH5RHBMRSYMLOQTOR7F4GCCI,1014.619959,803.3001227
U5GWVV7SFNTRAOO254TR7IDSIF6I7RJTHJ4RYM24OS7XBLROXVJZZU6VBQ,1012.14,801.3366768
DSSFVPH2NHZZWVVBSAETVETCV5RD353ZPKQ37OPYLW4FEZVVILVVKPIC7Q,1010.428335,799.9815086
ILZCPOWEGD7FRHW4BNHGXCDOTSVL7LQIBMG2RFX3G3KJAOTTH3RW5SBOBA,1009.999999,799.6423842
MRK5EIXWABPSSJCBW2LU2XDWOTOIYTMBRRDMMVWRZN2QI3RMTP32C7AKS4,1008.62516,798.5538896
E3RFJOF24AOPBCXZ6MMGKIHA6XHQOAAZWARIJ5QZPBTLO5YXQKMLRJXM6U,1008.479872,798.4388615
QXF23ICK23XRPFHUC52SC76G3WO2L2RSJIGC26ODSRPMBQZMRN32IVU6QA,1008.054882,798.1023862
WIVW6MP7Y5ILDRCVWFETYZWXAAYRKDSCXU4NSAAGC75YNY4OPEP3XNY2J4,1007.918329,797.9942738
PWPNEWGYRAGJJZLG5TCSIDHILI4HDQ7GNKUHVMFRV3UH6J32Y6JXAQF2DU,1007.191558,797.4188709
PFGJNZAQP2HPAGGG33RCRV4FL4WPRPG3PS4M33GXMGF24WD4DRS6J4RR6A,1005.214726,795.8537633
QWWQJGDCKPANWVVZXXMARS2VYE4IU3SKRPCZBBF5U4IW2WQLWKY23Y4MGI,1005.024342,795.7030315
U453D434S7LFAP4DVSRFSM3367BRAP5AI6STDDFBJLNQ53HOZZ3M42Z3PQ,1004.620986,795.3836844
A4T26PHAXSPRMJ4NNMHBEZ65SZSWA34JRJ37RRCQK2SI5MJLDFRQRNEQKI,1004.442618,795.242466
24ZRM6CNNJSOX7N2OSXPRRT22IJVP6ZHF2GQXV27SSKK5F7NW6PUEEWZDE,1004.259391,795.0974006
XQQAHWJWZIR2HR6VFVHFINNZGOD24OYLKB7Q7KYOA23A6TBRKRGPVA4CX4,1002.875397,794.0016578
ZIJW6CFFAILT335CYRNWCWFQEPGXNVEPFANWCDCIPGTPZCQWNZIRKPJB4Y,1001.435639,792.8617652
CZL3IDCJSTMDCUID6RDMCDAKOPAECWE4YR4BULQRV2J6NELRGUG77RSR5M,1001.160217,792.6437066
6GZI6K44Y7PH2YZXQJ37PUJF4PSV3TFZ3ZZLW5PKNHYSGHFB4IVTW5JYI4,1000.450666,792.0819373
XGYCEYZCUOMQ4SAFJDMEA5G737O3FQ2LKYQ3WFOJ4KHY3OXRU7DPRP4GOU,1000.400326,792.0420818
KWHFOLYSDBKXU2NMAF4ZSTT4PXVK4YPOKJ5V67AMWHG2ORY2ICBK3NTJ64,1000.336783,791.9917732
5NYEGAY74EMS5GKXIRERMHNLHF4END4CEBDOHTK3H2OXFMQDBDD7S6JONM,1000,791.7251337
ZNCJ3AE5NLXA4AVLJ7OKLPB7MV3AYBDQPUIC5PQMXJTHULFRAB6GNF7TWY,1000,791.7251337
KKR36IGM5ND2QAQBMLF3JM3J4DK6QA72IYTMNRS77TI2XBMCJMWMJHB26Q,1000,791.7251337
ZV2ARRFLRKYDITUMIFR5TVAUIEBUGJISGNO6ZYOU5RXUXZVWZICRPE4WUM,1000,791.7251337
SFUIX56X7FMAQKR4AN4ZNB7YSOQXBLCG2K4UQBTR3PSE7J6U3JAEEMSW2A,946.055604,749.0159995
PWH7IRFIIIDLO6HXF6DJUR5XLAIZIKJIRDQTAKPIXUJKQT4ZPTV5ROUT7Q,938.624961,743.1329727
64ZACGAWXC5FD3PGFNHI7HBTF7CAOSC5L5BEOYTEOHCQLCREEVNWXTT2UE,901.224471,713.5220648
PPCUEYOBLD47TBNOBDT7DUUHVWN2O5IRZO6A635XM3FHEOEPKBEWCWGQFI,900.999998,713.3443439
QFR4EUKAIXE54IGOZ22NRE3WRY5TIUIIFWDJT4PJCF6AS7VT5AWHJSJKKY,828.600404,656.0237656
OQHX55QZJJ2OMLWRPO7NFWTN4XVMWLW3FAAW4DDKGD3QRWV5FV5IOUJU5U,815.221066,645.4310075
XRBTE3I3BUH6MKU5LZTAIB5UEZPBP4LXLEEAFPWCDSUFVNIUAGR7SH6XDA,811.788537,642.713388
SHOPX2E7ZHHE7NPC6JGCVF45T75TFW5U2RGU7K25J34FJPTZX3ZEHEWPYI,786.287072,622.5232372
IQR7RFGLJFIQUQZPXJQOZTVKSCM4VFFY6SDW4Q4PQHDUCNQKIS5FSJVJXI,771.302569,610.6596295
F62LNWWKZ2HO56G4DVUDHYDHJVTMKZEJANC7ILYQVRWMHJ5E4KI63BTBWY,747.435674,591.7636089
UKPJBXEDRH5ZFCSSEWOSGZTOAZCB46HKVB22CO5I7SNSFTLMWVDIYA2S7Q,719.666666,569.7781873
PFLEC6EGO5CGHQYFZ5ZMGBPW4BIXERHYT5KDY5EQHEQMIDPUJNGNUHAZPE,701.594638,555.4701086
IYVKWKZT743PXWYFEX3NZR5QPT5DOETCX5NEPXAQ4CZ7JXZJVY35Q2ZGPY,699.959557,554.1755738
GNE42RVAR73U7PMRIV5CHRKFTLLFPGKJJTQRG7SUGDYMO2Y6XZGWMULYUA,697.196572,551.9880492
2ARQSTRRLV2APPXOVMRFURXB43QGBJWBJ73ZDMPW5NI2I66QNBWQR62NKE,681.893052,539.8718677
3YU32LVGPPKFR3EFGPNHCOTWLI34VZTDRBZ4ADCDAK4XS7KLNSYWXSSPP4,680.900976,539.0864162
H7RUBDWIAQYC3TGF5232DV7CAB3I2LCVYVG3OLHKHNYDLOF3SSVMW6THFM,657.390756,520.4727842
GLA2S6655OKM6VMZYKDACUE4ORNTBBOXY3KYO34QDIBYGREDEUGJYET36M,633.08,501.2253476
HPDTLJ3U6T4W3VCWZKAERPGXDWVSJ2TXFW5HHMXZTED3VPLCC36JLHDYWQ,609.566858,482.6094021
5SHWUUD6PZ7IC3QCAFB3A6MVZMO73ZAONKAIKMOAUAV7DTRGLN4VK23NEA,600,475.0350802
ZS5Z4T4P5VBRHAGLGULPQERYJXFTH3WL2AUX63ZZD4R3RYYJ77FELHOF5M,600,475.0350802
SMZJ3UBXOLYVTO7OVVUUFKDPIBJARHHT2HRYQ4BTAP5JTKJ4A5UCHAVVNE,596.543413,472.2984134
KHZWNYNMYV2Q6JAN4TP4GUMYNHJJ5RI4KHVD2ELZNSHA7Y5NVJLAJB4TWI,592.087308,468.7704031
UK5GLQ3IT6OIROG2HNP3CGX7G2WCJSMRQ6TDRVGGI5BXSTZ4Y663X7EFNE,585.628602,463.6568832
O4ZHGTKLSUU7A7VHDDP4OSRUTXL45NJRRV5WUDV7XOJCUOUW5M7FWUHQAE,584.939331,463.11117
7BXIAE7Y5PMGXNYO6KXIC4PGXHOR7LJ6RA7MI7K5S3ZYLK4IN3H5M6Z5NA,584.378584,462.6672125
2H6X5F3PNXE6H7NX6T76S53IRBDLCZYPNDLEBHMWWCOXNRUA7CKDZ4Z3KM,583,461.5757529
H23CE7345ZNG4PH3YFX6RBAP4FZM2N2ZLESQG5GXFMVQLN7VRMTO2OSY2A,580.898161,459.9116742
N3MGYQAJZWE5FZSY5LK3GZRGCBLX36BHFUP5CV6XX3XOERUEUYMPWDQQAE,563.333331,446.0051568
RAV7URAQOO3AUMNZNL6FJWRCRRNBBPTDI4U67CHWHG2XCOTBR5VSGLR2FQ,559.362978,442.8617285
LA7NABSPIOSHDVS4KEDUIUVMR4E7AUI72FRMZEBYDJA7AQBR4ZZL4IFXYA,556.710914,440.7620228
J32N7P7SBD7ARQL2UNCAPT3WYLHFNDW7UTZ7PNRTRIFDV4DRPHAHHRX4CE,555,439.4074492
M66FCOKSI7O2PCGJTICE4YZZ7BEJWVJASNO7UXRBVANPTJP3BX56ZTHXOU,555,439.4074492
ZGRLQTU6JAEOF7F4TV5V2XYMKL34GA2O4DKQRCYMUXVDOU6B5WD6PDJ5LU,548.75532,434.4633791
DMCX5ZXCT2UJIUT3P7PJOJIWJ5AEUYO3A6KSTUNFLYMKC7F3KKRKZQKKSU,546.94314,433.0286306
Y7DLHSKTKDG6DCODSCFFMII6VR7BMJSM5QYVM73H5UNU7JZPXDLPNLN4GU,546.821197,432.9320853
NQIIFMWPSJDWBRF6M5MW4ZW4KIJWCEQDODPJYHCGR7V5YETSJ57RGKCBZ4,524.99535,415.6520137
JNDZUW4J2HTTDVLQZEYNME3H7DMMCIIMQOV6ZOQ6WBDWP4RHZXXQ746AKA,523.818095,414.7199513
J7S2AWUNO7OXYGPF2EZGEX37FBKHHCW2UOSZPYZRYE6KZPRL373ZIX446Q,520.110127,411.7842598
LEHPNJC5SSZS4EORWF6NTS5FACVNPVBSOE64HWQFM7OVIVOGCBVJJEYHFE,518.601206,410.5896091
NRTEXAMK453CNJSRTV43JNZLOLI2TSRS55G2QVS5N474HXFYCOOXBULR6A,516.910127,409.2507394
MWOZSHHMZAL7SMPSFS2UAV32B3JMIAZDHTK4D62KY4J6GOHBFM2CW3IJT4,514.191476,407.0983151
2NIRG5AVUS6W5NGAFKQSVGNZKVSZR2X3S3E5VSY4SDVQTGQBUIFTOY5FM4,507.24,401.5946568
U3H3GV4SKGLLMZHA2276EDMZB3HW4VUPAHOK3YN2U6YJYHTSPBFZWGPUBU,504.63676,399.5336063
MA5BR2I3JV5N2BGHUUUZHZ4OJP3LCBDPKQX2DM3G6YUOIFOJ2UKCASFV74,500.666666,396.3903831
5G7HZ7ZTNZZHAUJJCID7ZSFSNKP7JXRATXMU2HJFYC4BM6J6ZM5BCZHYUM,500,395.8625668
3ZVKMFLTWSZCN74CL3KHNJVHRXQSEFHTL4GRT3O4I45MA4O6VMEBIA7PSU,481,380.8197893
JVDGHHPLH5M3HYYSQ4RJXUFIBF7WJ4JXEXMRBWB6YRZM7EH6NOPDE4WJBU,476.46,377.2253572
CBHS3ZAVZYUYJOU6CC3WZJUQRNKBQWVVVUBNXTIYWCQVTBF2GLFP2ZX7B4,476.4233,377.1963009
23P7OFDFH4AOAIOOTUPUBVWOCPYUTKGSYJS7LO2RVFO3M3OVHILKIDGENI,460,364.1935615
3LCFZYZEAZDHWMHOQIFJ4SEIMIBHM6KCMTIDYF5RXVRTKQRCKJWTNWWQ5I,444.198274,351.6829379
EI5V7TRJUHEONWMOFDGN4DDD4MXFNSJBZMFSUHRZORPH2NDW5UC5GYU2PM,441.16551,349.2818224
GB57AJAYG2WSV35JAXIF7PSTAMWQ5NVEKZBU36QQ5CYHGUPWY6AKYDM65Q,434.094387,343.6834366
SBMDIDOY42JIZVPVMUOHZHFAVEPGZKAKKKW622D6IA7X6HPZC3JOOPTVGM,428.138345,338.9678884
DXJLG7H4OLD7JUTKRBDTKUIYXRTUJUKERLF5JZQJ7FFK6QE33UGF6Y3P4A,424.833332,336.3512266
G57DDRXUAIXOXXI7SONVLFFD5AVDLI25TK3FCMSVMJYK36DPC33EY2DWFQ,418.504411,331.3404607
7FP7E77D6E3DITFNX5NU54TATZNYHACMDMWC6N4G7MXQIXNCTDTI2V2WGY,404.102442,319.9380599
KMDNZHV77VLDHRTSTAJ4CCBHKTBZAQ4JYB5HRLCODQSXJXXX7L5YHLVHGA,402.995821,319.0619203
QY52CU73DRUIEP5KB7Y3MD3SCFSCOVAEEPBAY5W5OT7L3H6GH5TI6HJYCE,400,316.6900535
MQDZ76GZOFS2J6DYJMEV242TJEAODOQSJUTZ73FHH2FU6WP4CQUGA46FTI,397.949645,315.0667359
UGRVAIAGDLUI7KTHQLZG7JSXR7ICDRM77MWZPLBVGQ2NYVIMCCVACHIGOA,386.744672,306.1954771
ZJYEZ53MWFDH64BCOB4CEAZ32J6FMQF3EO2ZSB4HQJEGPQNCKS3RKQ6D7Y,378.099438,299.3508281
U55AND5G2IRBMN3XN2XXZ3DPEQGMPTJTZU5AOI7MIOXXZMWYDZJFUKK3MQ,374.896967,296.8153513
RD2ARX4E4HIL2ZAU2EKPOPUV3RQ6YIP6Z2DR6RTYAHXJAUAQZ6ML6QPY5U,373.228006,295.4939929
IS5JBN2X57XNCIOKPMGGT2IHZL23NLNFR7INGGNYOTA2RXAFHGBSC46V7Y,359.050476,284.2692861
K2BJUZTPLZRGORJUP5M2RUH6PRGSSMIQ6W3FTITNYKKBWSJSEMN6EL5C6Q,358.138297,283.5470911
S4JUS6D2RJAHLXVMTZOR4W5UMFSCHSP3SRUG6XRY3DIFU2P4W7UGVHE2UU,353.444,279.8304981
MQMWHCRYIIG2XSE7JEU22AUSLJOPVZB4UVNDBNHGCBI6HXF5GZMEQQ6IG4,352.95,279.4393859
DSZKAZK5T4RCXMACXLGIMZRJOVXYUCJUIAT7RARAPDHV2CYBR67CZ5YDU4,342.759147,271.3710315
ROPY4MHFRM7SQTGTOHEVKMG4WLUEK673OFZPWXROQNYPEQY6HFGSHTTEFE,337.270329,267.0253963
YSTMV7TMSEWQCU3S44LOD5H43DYJ4AOUVGJLFOOSPYO3FJT7BUFBRY322M,332.323907,263.1091897
5VOCNBLGD54KDH4NTU4FHXW3DUO5IXMUVM5M2OFVFHOB3OV6UWYDB7FEZ4,325.620477,257.8019157
D6ET7ZP6IXGN5C7OK2XJPCHRD6B7AYWW4RGPF4UC5E6RFYSGCU4MNKVYOA,320,253.3520428
ZMT7PD7634CZMBENMHRMTXAS3AC7P4KYP2NZ3LGZDKVF7LAYJLVMMANGVY,315.580191,249.8527689
XBLPCRAO3DBAJRHAGVYLVVFLSWOU7GZBBMR5MMHVJUBVNWHS57JCL5JNEI,315.573978,249.8478499
X2SQQV6VFYZZYA6O6MJ2GIEBMJ3BFW54HXA5BWGCMWTEEWF6LVLOJ7V25Y,314.111509,248.6899765
FG6LU36BPJYXCJYERLDTQVQ4NOJZWPACQGHBEMBQQAFNAUFT746JW6TLMQ,312.11205,247.1069545
I7N4FS2FADNX3GXEGVTAFZTKXGQPEMMRXTUVGDXR2BQGXI7EXJDV6DWYEY,310.275972,245.6532854
33SOJABSNGS4I4VU7JKXIF42QXDDXTTOYWJYUXXMWWIWGN3UUYRBK7RW3Q,306.55705,242.7089214
YVCKRYL2EMYVSQRKVOCOT3EMK2JBO4XIQUISXUZ5QWS4U77QA7IDPCH4TE,303.719217,240.4621377
GP4LLOXWBHT4MZIUVOK6ESHY2Y37KJAC6RR77A6D7FVIROLSA4M7E4OD7E,301.516664,238.7183211
ZVDWHBY4NP6NRWQKMXWM5DGKJ4DR3G7JAJ364DRTT7RIK3SKCCBVYHQW4A,300,237.5175401
2STLAEDGA4MOUOBXK56EMU7L6U5WFLZLSQMMHNIKDWTGRPFKUKFRJVNZOE,300,237.5175401
NHZQIDDSZGXNQSP6CYVTDGRHKP2DM5NERB45UMZOZZK6SEEPS57HDUWIIQ,296.981949,235.1280733
STDXEBJRVUCT2GVPWNDFLUE6QQXCKBKCXEB6LHI5H6JEO64WO3534OYVLY,296.767245,234.9580867
JFMA7LECWLGWVNU2NI6NOA4B344VVCQEGPOT5KXPO4SSIIZISVT2DYGHPQ,295,233.5589144
COSTFO3OG2OESW3IIDZH4RVAGBPHFFYSA57XKVYVCBJ3RTSB5WDGRCKHIM,290.523541,230.0147893
SZCAMFWT2HSKENIAP775H2KQNSLDPUXRGCGWB2FRMQK76DPJJGUXURUTDA,285.599256,226.1161091
N73RH5TCLGOSAH44IHCAYCKHD5CC6Z7A2GNAVENNUKBC4HBBMZ2PTRYQZ4,285.159396,225.7678609
UO3X25HWUWG5ZRTLW5LF7GNUZKESACSI33FTUPMB3DHPXMKSMKTK6E5A7A,283.229344,224.2397902
7FVE376INSO54KJWCJXJMEDWOIR76HAJAZO3L6PWLVWELOMNK62DXTY43A,282.388907,223.5743951
QPJEW7MFT7ENCXJROW4QVLJEMAT3L2XDTGPYWE4TGEZ3ZU77HYRQ6ZLWTY,279.054041,220.9340979
SZJKLQG54ATLOFVYDJHPHKK3HJNO37A36W6G2GVHGTLSTW2335FM4RECBQ,278.94033,220.8440701
5AOCKMQL42JXZRXONTXXNYOTUNXPOWXYV6B7IDLYL4NMBU2JDJU2JWYMDU,278.822152,220.7505056
63LQJY5ND6EMXKQBSBOG2QILYHOZVBOOBRLDQDJXINWH36EZXKPTCKXVP4,278.513669,220.5062718
B3DXACBO37MRJXRJKR5RW3SUQ2DDURBDFWIRMNMPXKDYFXALHY3U5WC7XE,278.057985,220.1454953
NVHPSLXESN2ZQZQLQ5TVVD2U2WUWWWSLWBUWDWQQFEP3HHJ5WD4HLDAE2U,277.447771,219.6623736
H26ZSRNXLIYNELUMYFY35WA5CMNWZPEYRWLWXBM6BRDSQUU2M235YPR4WE,272.24276,215.5414356
ITSIF5ILH6OEJTVLRLVKQQCXJBHIWK35S7VBLOHNEMR2GYW7SXBELO2QMU,269.86302,213.6573356
RYQ7HJGN7AKYILQM4ONZKRUCIWI3S5234RFKRBKRD6SXRPIPVNGLXJB2GQ,267.490046,211.7785924
Q75CXDH3OWZHJJROVFGKQH3GMDXNTSQBJKZ5T2P5E3D7JYDBU424ERCZMI,265.62535,210.3022657
MDYEWIIYURGH5DQGHGJQNXXXN3LAPB6XSV63GUVRUWG5CF4LZEWAAF3BCM,264.228516,209.1963572
V2FOEMDJTTSFMVZJB7PDW7JD236XEE5WHO777XHVQDX3EVUYVHRDRKMQC4,259.475334,205.4331435
DF4DIWCQNP462UYFHG4NSSOXA5VCYWQUCO4ZS7NQ6TQ2HTJOUENN7HDO4E,258.333332,204.5289918
M3VOKF25P2FZ56HDDRNYCKDSILUVPBQWTT7ZOGP6QJBSX3G63IVZJZWQJQ,258.258891,204.470055
3PKSIBDFFT7NQNSWTCDJX5HS4REH2TO74R7T54PB2D4WR5W4HZPTRGSPVU,256.32173,202.9363559
OSESJNI35O2BLKJGSBY3G5CPJOLKWPSZVGZRTAFIKVSQT67EP3T5XFMZ2M,253.038087,200.3366133
RQ4VF6JSQPSYZZGBEZVL4LU2PZ5NGOMCC5BY5XTNTRQIZGIKG3KCWGBCN4,249.787803,197.7632817
4PAJRZ2HQ6Z3EKSTANAVKLHN5FDJNCTR4TODDHKJUNFNV3ATI3SX4KINOQ,245.550481,194.4084874
LTPG2VCWN57NZOTN765UNE4WEEFXNMCL65IZYEVB7NDGCNBDA6HDOR7XZA,241.666666,191.3335734
ECGVY7FCM72724L6L4IGHL5PBPFCDUCDKSEEGO4AWGD6ZDNC6VLOD74QA4,237.973615,188.4096921
ZNOZWDYO2OJI6AAFO7MXYG33NU2FJOC3RORAAVLDNKOYSKPAMUGPR2U6RE,236.131574,186.951302
BXZRKKPLX3UYDVUPBWBII5E6DFBXJ7GMTCAGW7GYC3MCCSXF5JIZURZQ4M,235.466666,186.4248776
TROKDNFRZX7EQYF7ZLQHW5VDPTTZRDXZHMH5INSQ3WREFO464VCFVPCYK4,232.303849,183.9207959
YTHHTDDZJYH5LVL5UC66AEEWXYVFQKL4CXZGJV4QU7VUA4QVPBLLU4OLKY,231.62534,183.3836033
CXYOW3SPUCQZDS4CU4LSI7FGNIYSQVSZLTLA7JZCHNJUXQH7SUHCBQGDVE,229.032042,181.3304241
VYH4CPFWL5VNGRWUDD7LM22UYUT7JWK5UUI5FX7IO2JHYQ2PYGJ63ONIZQ,228.709274,181.0748805
PAT4TJWUXKTBSV7QRBFPWQZZM7VB2ICLCXQVT3ZS4MUXIPQZ4SZW3KJHBU,225,178.1381551
6YWUOUG4X26E4P62ZMQ5FOF5USB6O6R7YNQL7LFGBZJ6IMU3WOBHVCEE6A,223.366952,176.8452299
DPIBJSV6PEWXAG42YI674GSH6IOORLU6RYN4DLGS2G3BIL7TDJWJT6I4EI,221.631077,175.4708941
UQAFWYRF7I5QYPNF3SGC3AKCGMF7VFYTXZ7Z5JA2COJLSE6OYOD34FVVTE,220.432474,174.5219299
2UO53RZSJWCFPVEYT2SAMROLKK5BNKRAIYPLSTASHI55GD65GXOOZ4GPTE,219.932419,174.1260238
AOZCYYEDOLPOWQ2UCKNOEMHOQPX776KUZ4UZN45I5O7FL5CY63ARXR7BV4,218.858377,173.2756778
4CNAJHHMTWUXH6IXFRZJJWDNRCHYPKTDLMR5ZXMJ6Q6GAER43QYWYZ26MM,218.812823,173.2396115
544JCGDS4O4OZGNYWSPMJJZGRDSVFCOZRD4AP4SSRDXGO3PVLYWWTKZA4I,218.262956,172.804268
ZVDO52BKHSD67HH5OMRJCWKOAGPK44MUD52M43FSKGMKW7YSOCRMT6DUW4,216.153179,171.1339045
PAUNE6V52ISXU4GAICSKRJ3AYOKSKGDJMBYEBPW32PK4VWDLQDZQJI5MUY,215,170.2209037
CMMONUCJJRTO5DBJBMB37RPUL56U7KLIT36YIBUAFVMAAKP62ONRDVD53A,213.694183,169.1870556
EBU7OSCVSE3BQBVRIMJ6VS2E5URX7NV72AM7ID5FXZUH7KVJNN3ERN6VBI,213.480652,169.0179977
VPUH5X2DFLNJEO7WROYYPAEKG7RXMJKKZHK53GMVNLPZD7OL7KV6LQWN5M,211.666666,167.5818194
C3UKOMM7ZFYZ476LKIIPNKHZJNOM4ZCTAVJBVGVK6ZSJT4KR32EMIYTEJU,211.40096,167.3714533
6BZKYR747KVWYVNNOSJRYAAXUL5IO6GO4MUZN7N33NW547TFQARGIQHBBA,209.999999,166.2622773
MK7ZTVVFVON2KRMKHQAX546PFMW7T77GLE43EE46KQUDNVGTSPGYBIQSPI,205.426982,162.6417048
ZGF7WQOWHRDOF54HMRCL3CZDMMEALQBVU2I5C6RKDAUZ2EHO4QD6HQ6V3Y,203.177459,160.8607009
TRPVEVP55UCACOQORFZSWY7UIL5YS7BIJ7ZB5R7M3QY4A6CQMCF3QOX6BQ,203.034842,160.7477874
YVBJEKJQOZHJHSXHJRAZTBOPWKM7IXS4LLLRMN65SWOYT2CBZPR2DWNKJU,202.930951,160.6655343
MOYJ7B4NDGWUQKIJ7L6TS56SURCQBNBAFPP75AEYFWDYWH76J2YQADYRSU,200,158.3450267
5MBLR4P2UIG7RLYBUSVAJRFDFFGFYVXNH7XG3ICQ5MHRU4JRLLJKHUQBZU,198.433332,157.1046563
PV5MLCDM6CA7WC6ILASV6IDMZRGPE7HQ6IC3GSUGPWNTGIMEYOTQH5K6AA,198.333332,157.0254838
HBNFKHJOMSHKVUC3LQYLA2B6EEKHWENXB5VOBCKFPFZWPPZ5BYXJJ37CHI,196.450972,155.5351721
JDTSLEKIIEUFOSR2FWFF3HKWQYW3HL4OXQUBUIEYCXCOVBEMQSF2554CZE,190.837507,151.0908507
ST3B2563UC7MLC37OXX62QGT65L7PYNPCUH2DQMR3SS4DR33QGCSOGTZDY,190.657603,150.9484162
VHQQSRE3CRGBIVFZS6LAQLFJ4LP37FE6G6V5YLRMJQZXE6FHBXXGEBCIUA,186.666666,147.7886911
XXZMJZA3QZH263H66T2MMFPDORW6SX4ZAERGBLBMFTNZDRXZRROHXLBC5M,186.498044,147.6551888
CE3YFYY2QDC5KQZWQT7SY7KMU4XKWRLR7RMPE44SMB3EIQNK5GJUANDSRI,183.876727,145.5798263
3QXT6ORLGUWA7Z5RVUV3MRDKIBWRR5UZOYYA2DEIWSZV2XZJ7XDPVKUCBM,180.685012,143.0528653
4JBXFFT7XL3AT5FKOYAQNLPI2HDUNZK6GYPVNURY6NZKCPH7XNIJM6NONE,180.505842,142.9110119
26K5373UCRVWEMSBNBVEKZ6HTUQNXIC6QEXJB5CZNKHA62KXXLSMZDN3EA,180,142.5105241
XHUCGTSLDHXBZZ3DPCH7EY6ZUX5TCMXMBFKVIN2TPSOVIAZ5PYXFPQ5HY4,178.599756,141.4019157
T5VQKLVDBHX47FRNYN7BBGUIR4DIJWJZWEAKTY6PF2SVEHSDZTJZSZXTAM,177.21812,140.3080397
VHG6RH6A2JOQLYYQYRA3XKNTVNZYEJRDHD7X74HOPJULCZ3JTNOJEGK2NY,176.277491,139.5633201
IZ2PLJXTQQH35XDA7HNGTHLBX2NMJ7SUYOCPPJIHACFNQ7SS3AMBVKJNMQ,173.370536,137.2618108
HAR2C73DWPZFUWCSTK5QR3CQMA2TD4B2OJ5DCYQI4P7PN26VWXGZFWSFLM,173.125692,137.0679616
TX77WPHLK3JWZPRFPE5YSDAT4W3AIVLF2SJZISOIXGQVTX7RFDHP7G5HSE,171.581882,135.8456885
WQSNWUNV3BUFX36F3I7R372N4OBMZY54FTDYAMAH7GBSJIHYHEQNZ4PMGA,167.414937,132.5466134
HN3ZLTKDHZQ2DKEK2YRAZQJH4SDWNC67R4YR4YDN5TG6JMXEHL74UPNLWM,166.751925,132.0216901
CXZ6O56TJ5TRF7BDBUU4YAOZW5IACC4EDHB7HEF2YRPGPXQ2K35V26V3S4,166.666666,131.9541884
F24OZGPIRG2JPTA523DQVZYE7IMBMZXKPWROMYVMYQFBKCKXRXKHEZWCEQ,166.666666,131.9541884
GDSFPNZXZUM374HGSN36Q4WYPSCH5IZIO3QBPLEOLZ43EVBHBP3X5NY4OQ,165.251535,130.8337936
4V3XSEW5274K5QRYAKE3VHUIKUZL7MSKK4JIDODVE2DNTQXKCRLNRNZ4SM,162.686803,128.8032309
UR3RG6OGWTNX3IDJ6EFJJEG6GQQ2K3CPY6UEACWUJ64CATK5OZFSDVFQVU,161.78283,128.0875327
2XHGNXIUBIXDU2ZVEOVB3KSVN7XS2Y3MLKO7PJGAUI7GBO3G5POTET7CC4,160.574027,127.130493
KMMG3JPSXBHCTPAFOYLR7YEGRPNEHALDT4CSW3VX7AYYW5QBYRIGPXKNSI,160,126.6760214
KBJ3OCXEXPJ4MPRSM3TFM6RL2UNYFAWFPAQOIRPASYIRYPMUEPJZ422H24,151.725101,120.1245759
APDVOG5MT2XDV3JEKMVSAI3LHUO6T2WPRMKQAELKQGEGUG2PLWJ6MHYWL4,151.520243,119.9623846
64EZQKR5SWKYWZT3663ZY4D2SZLLOHRFHIYQBEORYO3HZSUVDXWV32QIYI,150.265871,118.9692668
F2M7D27NRTIUFIKUUHNBDQFDN42WZSAOZRC3CBYKDGX6BX6YKYTKLBICSY,150.001111,118.7596497
AAKJHKKARC4FD6IR65XMYGEA7UKYF73IUG5WBAJ3OX72ES23O6LIYRB2EE,150,118.7587701
BMSASWH4U2AVPAYLJSOLR7XMMJSZNERHN76NCKKLWZTKFZYNS3BOVMT2IM,150,118.7587701
RJXXK5DQOGSUL3BUNWNVIUNBNZJBOF3RIDCAXZJEY75LPHHSQAXK4ZQA2Y,148.83449,117.8360065
6SZZC2227REUFMW6LQBNHTOQE2PPMECEXGQVS56JSGWRER43VGET7B2LR4,147.082434,116.4488597
PRJ4YLXPBUBXWSOSAGX6GKZR25HF5N72TVO6HCO2IOSEKTIVIZRB66YJTE,146.855162,116.2689228
QAHFTDDIFNTZ2TSKNA7YVYZQFGECWCW66J534ISNZK7EHHFNWOOJIDR47Q,145.284581,115.0254543
6WUXQBTOZXVDAODXW53VQI6LQAPSRHEZJAJJH2NQVOQ7T2OJQ44MBAAL74,145.147953,114.9172825
7TDXAQJK4I6WPHSTDHJLM43KRCHT2Z7EPKG4RFVGXMDU6YSEWPKFDNZ5GY,144.742212,114.5960471
S4DY2NHQPQJJM2PUIL3KF3O33FVGXTJBF4TKVJ4NA75VUHPTXYGJ24IAYU,144.676665,114.5441519
DTCNQE7O77BFKL6FJNXLPL2Y2S4ODOIF7ECUW4WLFHNFZ4N4APL4RMCGQM,144.228372,114.1892271
NQEBWZEX7TA7P7CLLWNCWM3HEZGFO7V4AYCBX4ENN2VQSUPTRQWL7FT7JI,143.877889,113.9117409
J4K6FQ6Y6Q5P43OG4DGWJKXTMCDO44COILRGIYT3SN3OATRYROSK5HL6UM,142.971354,113.1940144
MNEPXB75L7YUT5S3NRDDTVBZGISPMD6ZUCVPP32N4NRA2D3VDJFZV74S7Q,142.129395,112.5274143
PNOE7BV74657YUHDY7KHDI45NS362TLNJKCQC2X7JM6XRHFIJTJVE5ELBY,141.999999,112.4249682
IREYRJL6J5LSPME24OPBQNQKQEEGONEKLP36NHTR2WPWOLLVIF7LZIMHRI,141.252092,111.8328314
H5VZBYSQPPOWIETSKMJG7NT2DTEB6V7XCCOZHTT5ZFYKFQ6HO4USCRHWQU,139.597811,110.5230956
3BB2B7ISD2R5YZTU7ADG2WM3CQBGF7Y7TOAKLQIKZOXHHIBPTYIBXBMMVY,139.306064,110.2921121
3XKT4RBPBVMCGLWMGUEZQ24OAG4D3ZXME6TLI5HXEAMRTK3QGBLOZK3UBE,137.317304,108.7175609
FAUFVFMRLLNCQHCESKWX5AQR5TOA6WF3VCAMPJKMHIKMXLSECUYZYVKYRA,135.509956,107.286638
JHBBVCGRMAUP6AS6EOGZU4HFJGJRBTUEJ7OOISFI37S3OJM23PPWFUCRN4,135.468246,107.2536152
THGRPGKXSZXLN2A2ALZW54WFYPGKVMLH4M7IYONDW5Q5FFFRSPXTCPATL4,135.43111,107.2242137
5WWHNCVTD2ISGN2C7ITEBUPWP4LGZ6FIDLCRPESL2DIOZ4LYVEW273IY5E,134.261606,106.298288
O6PNNROSTGTFAILDUH3OAIDHT72NZX7GATM6VGSQT5VM6CMWSSBGHFBD2E,133.913187,106.0224359
SDHH4DAV4I776VMWWT33IYWWS6PG5ZBXAMCXDGZELQ433FIBZKZCUVPCSM,133.502547,105.6973219
GQLDXOKZ5LAKYT5JE2F5MPKTP3O7FNUWJLGAFTU3C725HFK5KO6BFGJKYU,133.04912,105.3383323
LHLAH3YXYMV2KOALFXAUUVEYRO7VODHXY7UCODKD3TPSQDKPMP5ZM2ESJM,132.773967,105.1204868
STSRVFPGZ5LJRKKMILRUUG65LHS7UQ5GVL7TBYKCZ2M7OA3LJYRGE2OUII,131.567089,104.1649711
SCPRGYU7IEIOOUW6D6XK5COC5VKF4LSTOCHIL4TFFTH5U7ONXC7NATLOU4,131.106251,103.8001141
UZL3FXDAODFDBOB7ORUAYASRNBNT2SNHFNFURFIFV4PFDNNK42ALYMBJ4U,130.767132,103.5316251
BFO3TFOVP5LHIZKTTIJCLFABL7JZFUXFWLS7IKBR3NXNCKSWVVBFRK2HIQ,128.265071,101.5506805
ZGO2ZJ6E5TGHJ6YG23PTYRMJCR34OOAGL74DD7AZWPGIX5FWSZSH2DT2SQ,124.78679,98.79683799
G767QLQ2COULWATVGU4Q44SH7QQABJFSTWUIZN3PIJNM7QBB63UC2GFFVA,124.652759,98.69072228
LRVPAKKRARCWJ3A7F6RASUWKNDG3NLX7EKAFXZLWQKOFYBT6BUI4IWVESE,123.603533,97.86002369
JCIQBAHR534SD6R54X2ULZYMJVBWFVNSRUBXN7NBGFAIK6MGSEQKREWYFY,122.878559,97.28604355
KEOXTXAW62KFNQUGJ7KOFYVLPRKE7JK4Z74M4W3QTSRITH7CYSBBHAM6KE,121.645316,96.30965407
UXIDUN433P2TK6O4LLGZKQYK7XBPLV7WMEKUZW7NKFURDPUR2KRL32F6XA,120.769142,95.61596509
6UMRGKJ3LSDUUPQIEOXQMVVAKWMNFZB7FKRMI7EXDZY2WWME4JBCZVQLJI,117.850452,93.30516486
T5Y22E72TDKEDWOPZNCKCN46SW7QEW2UGTVWTHXY5RWQL6QK2DBLUWBL4I,114.901229,90.97019089
JDC55DFEFUEKUXH2OFJEDZLDISHRRGP255WOGZNQPANXFQIH7WERPNWVTQ,113.836934,90.12756179
UTDWGV7EAGQROKAB2CELDHAUDXWFD6YAKIGG2RIUXHI3P52AHJUNEL5FIE,113.169771,89.59935207
3J7KRXIEI3APHXD52NMKZBMICVJPC7AEX776QFU5G2MOY7VDHGWMDNMWGU,112.820422,89.32276369
SE2LPDND3M6W3NKBRU6LGGJ6ZSJ5KGKYK2T2B53TS6W2BJ4EGUL3QDMOPY,112.667676,89.20183084
E4YYGVVWUXSYCTAQRIHL2HL67H3DJXFCNEJPK4RW3ISDMG7CTK4JGN5PMU,108.516666,85.91537189
6SOQMBXTKWDFYY2D474T6HN6MOAOXKE5UBEZ4XSYDXYMWW4DKHTEAE6FZE,107.340985,84.9845557
FLNYP6L737ZT4XL7WKHGOSV5NPWWK2EYQ7YHGQ26XCLIOOHSSHQAXTAKLI,107.207134,84.8785825
GL24YJ5YAJGFN4IMN5V4LYTQWQPWYRCPDPTFNFK5XCZ3C2EWNB5QT3LDXY,107.03958,84.74592578
ARENG6NTTQHEJ6M6BWGEOGTBIDBY66MTDOOOYGB5XH3DH5ZZC3SI5O5LXI,106.760626,84.52507089
LJKSWH7PS62QD6TDA5KZAYKBV4HW7H4LOYGXBJJN3FOQS4OUNZEWWJF674,105,83.13113904
56UCIK67BYT2CEKMAYZ6QWEJKAWSTDBMGEZT4VIOMJ7V4VDCK3QGVYXTGM,104.999999,83.13113824
MB5HQK5CK5FOMXE4QYJ2E3J5RVTGV7BH6NUJBVZAUQEWUVFK5NM3ETL3XA,104.494875,82.73121888
UYX5FNGGQJKT5UQOLPFI6F6Q3TXIJNPYMQOOZPZTJHGMQ7RDT4QRHEZNTU,102.360009,81.04099181
AUWK45PDXB2PZG7UPZTTWBI7I35NUCYKOFNTO67IFMPCG7QKSAF5UYUJBY,101.62389,80.45818789
ZWCV274IRIKMAUY7JQXYJPOWCUN5VUFIB6ENB7HGNNRN6S6BQF7C2REFEE,100.999999,79.96423771
MEUOP4FU2HUO5VPA6TKPVO3S72UAWVEKE3T72QUOOH4OSIJPLALHNWQTNQ,100.016662,79.18570509
P2SN4WNOJ3BDEXKFSENICQAKCLVKXWEZLKSUSAMTQM4ETPQG7UTVA6PLIE,100,79.17251337
XDE4WP3R5UARQUN4GG4XYV6YTOM6M3D4E22SKXQORHJJNBWOXQBYW66BOI,99.999999,79.17251258
OIHWHOL4XCCKB4YX2HXAM4CZ4HKPHMQJP6I7UYDTIP6RUS6SX3MARZCJ5I,99.344013,78.65315197
TGUDQSVW5FN3JSPN4RLK3I5GEEO3OHG3WHYZUKYRF2HE7M6DZQE4LMRLUQ,99,78.38078823
WFXDEKJW4C7H2BPPQBO2YK7BTVJ5FS4K5RW7DW5GDSDS7O6VXXCOPVYGY4,98.333332,77.85297042
RP7ZUEGL7WJHMYXZQ2WUAQ2VODWVEFRFLAT6CRIJGUUEJA7WBAOWEATKIA,97.288815,77.02600006
EEB3WDOT57VXSTGDDQF456YSJFM3K3N7MPUCCWP3THVJI2UX463N2UWF5I,97,76.79733797
P3DB2QWP6PYB3IQPFY3PRNCVD73XA7NR3ZHMS2AKITJGMLETWAUJVYWOCI,95.256259,75.41677439
MMBM5FOL53D6TFLRUCLBIN4DPVFDEPLGTEDFKWHCUV2HJI6W4JRQQQYW5M,95.23625,75.40093276
K7I2W3CBR3NPHDLTARHBSQGALGICFV2KS5QBBP2FE2Q7HVSE5WUTJK7YR4,94.999999,75.21388691
3KR653YRWFLIYWKBXJAW4TX2IXN3YRD3MZDRGH2X7EJPANWB6BNJSHO5RE,92.706204,73.39783175
KUP6ENW5YSYDRGWQ52XLVJ533STH74MZWCOBJVXRX73EAL46PYNQGRZOYI,92.541771,73.26764602
ZJWG4IM4XNHLJRPQUV54FWQRIH5YU4WLAVLLDGRJR6QKJE2RBF2BFUGDEU,91.372943,72.34225551
ZF2DAWC3T5XF4BEJMRW2CI2O2KGFL4VKMEQD5XXT7JRFN3PRGXUR2QH2DE,91.111564,72.13531519
FQ75KJ6GBPXQOZWLWROK7JLVB7L5TLVML7I5TITMKKQFT7ZFNLGAKHUDHM,89.670702,70.99454853
R7SAJER6AB3ZGUTANFW5Z6J7GPDZRF2EB2OT7P2TQZ3ZJBYRM2IKQUIGOQ,89.035018,70.49126153
6WAX5AVQGKJSYH2YWWHX3MMBSIESIZMA62IHV5YK5LHXUNU4IP7RFZPOCY,88.741791,70.25910634
CIP7RGTNVYZSCEWFIDV4PBWGI5Q2Z6RSPY4WACKBH2L3HR5VD4JV6YDZSA,88.082617,69.73722172
VUIHOLGKHGCRRIHNC65WXXUL2KADRKDUCGG5QLDIBOCE4GBKPORH2TYUZ4,87.904713,69.59637065
AZEZWSZ5UIK6PFQM3EMOPAGD2BDT3DRLHEPKCAI2CRVPFHNY6KGSDZPF3M,87.565871,69.32810092
EGDCGYLEZ5CWKYHMT2LCHCOQADTIGXSXOMP56E6VP5537UE7TQHO76WMUY,87.562775,69.32564974
OA553KZQEMWHN7KKTI4ZORMPRITREKNHBSZNMP453F3O2NAX7X2Z2KLD3M,87.284778,69.10555253
P5YY6UZEBN43Q4UUUS6F3GHW7DOTFUMOHPIAL45AGFISP2QIUYFP2JZENY,87.180791,69.02322341
LIZAC6BVF6LHNCFOSXHKPY6UA5737KXAMF4JF22I3YROIY3KBZPPPWKRUY,83.333332,65.97709342
6EQZSIVDNFPVEID335LSDJ6LBOPT7J6XLLH5PT7WEULT2QDALAZUI5WUPM,83.333332,65.97709342
CREAMR524IQIE2RAXBFQDLMFCW3FAUXEXDX3MWG4ZJSODVZVQVNWVC6KMA,83.333332,65.97709342
LKR7W4UICMWMRKLTAVH367EPFJIPNPU37JSP64PUJVBHKHUGM4RP62MGBI,83.237677,65.90136095
OGIIA3VUNPTBMPZK3SVFSXJCHOWDA2IZCNTP4R2NXD5YL75W7BZ3TWF24Y,82.998446,65.71195575
NLWAXSRVKNAOYQPLBIRZUNM2SKIQVTQZYKDZ6ZKXJVSQMFARNGPFNHSUVM,82.023372,64.93996516
BNX6JYWS2NHYCIX7UT72AX7EILDEDGXAU75FQBJWPCNGBA6Z3NJJCP3ZEM,81.63488,64.63238628
VV67J764EDY5DIDYS2KEFMSJZIJTWEW5PSSFVK5DAH5WLVMS4VJDMEPCXY,79.00885,62.55329233
ZJRTKP3DXPXZY7GALLLSGUY6XPMDP2NJPQKNGFAT4G5L7KQTAMPYASWEBY,79,62.54628556
7ZUW2INKDWY4P62O3HZYN355TNIYHOYVLB7S6SHLTHPP4TIKLW4SOBUB54,77.283882,61.18759181
TZEGW3VKSJPE2XHVGF223M4PXYOYTEJJPK7LKVMHE4MLXUUWHVRCY2BQTE,76.999998,60.96283371
EI325G5NBZXSQQJ7TGFACDHLEECR7PDTLWM4QZVQSU72HNLHCJZ3GMARFI,76.872083,60.86156019
UREF42ZQOHF4FNSQXNRWO6PWOZL7G3Y5Q6KXKCHIKD7LARLVNRVDNATUDU,76.062402,60.22051539
4QB3PM4TDBG7352O65W5BG7KMNVAYAHX3XEBCKTDJFH3QAKFNTCEEIIYLM,75.927974,60.11408536
ZPBFXM2CS6H4AW4ZAU4NWND6MUDO3TRJR6RRP7WYELAFFAYABCXTMBVYFQ,75.881368,60.07718622
4MF6NG34JQG2CVTW2WOI73V6FOLRRX36HCPACIXRP4V7HUVCIKNBXEQM4Q,75.739008,59.96447623
TYWH464KQBWEHCZ3TZUW34E7LAP7GMQRIWS5TT3RM3YYNO4OE3VTBUBB3E,75.72749,59.95535714
OWZVF4A3QCZMK24DUQKGWHWBXBACVJ2JCUGWIY64E2GYJDJOTLVSLWM4DA,75,59.37938503
4L343UOYAH3F7EKUHOQPB5B3NZZULZCYS3LWUMXI7RTBEURMARXR7JZ3DM,75,59.37938503
EKBCAVOPUKCBLLLFLPNRPJFA4LDEVM5K2XCCZGKJ3OOPO6ILQBEEJLZ6VM,75,59.37938503
2IOYDLTSIO756ZB7JZUPCRX4XUSFI5KQVKYLM5TWZUMPU6WDNWQR5DCAYA,75,59.37938503
TOM6Y66RZHJEWFXWRL7V3HI66WTW33SUPNUFPOMVKD7EJGZ3R6CVORBUVQ,74.999997,59.37938265
3ZFHZQXHCMHYVIF7OWP3XDUJPL4I6GODNZMCKL7PNHMIFB37XHTMD5NJUU,73.908133,58.51492648
DHNVQ3MHER26IMBLVR7S2T3HA2GDH4EDNSVA33CD4NASUDTYON5XDJROSU,73.887024,58.49821395
WJ4TXLHUHQK7VMORSQQ4SAKWIK6CN6HB4MYOOTULG2YLZJFJ3IS5E2WJI4,73.815318,58.44144251
2CHTJJ7IDXEQ6JIJ35E7TI5T6GI4ZU55VT4ZLOYLT7GUK4REAX2TMF7D3I,73.332994,58.05957448
TAG7FPOYZLUYDL4AKOIL5QBJ2UPNM6KQ6PNEBZXUA2YCDZS5A3RSBO226Y,73.039468,57.82718257
X4ZEUMRYEGJOXLMNKG6KQYEB2LUNHW7UTSKJCBTOSRA7NGBFBEM75NFBVE,72.901091,57.71762602
ACVS3HUEHZGE5OH6KPJSSAQTTIWJOGROB6RXDQCGODPEOQ4VVWXKVQMF5Y,72.74,57.59008622
CPKMJJ5WIPCZIETT4KQY2OUXQCWJL3G4C52KCALJVHJQHTKS5VZ3UYJWPU,71.880318,56.90945438
XUPVW4543UMWQ6CINCTMG5UQBDR4JE5ENJQYFAFPYF3AQ3YKJVCYUPPSYI,71.472965,56.58694277
OIEIEJYPMXAMPX2UZMST4XXBDGJDJJRRKAVXL6YICX3ISGS6RRCNAKVFDI,71.282746,56.43634161
L5A3JG77PW77FVV6UNZYCSJ5WQW55OKJU3WSJ3NQDHMB5NHEX5UQMXYNTI,70.9039,56.13639971
WV2EDMSCRMFR36AIZ7DCSS32EYETUHSJLAWKBJT3XYTHGDKFHSCTVT34E4,70.806913,56.05961266
BOPJV4Z3EKORZRMIXIN7GUBEMQB7U5V4U2HEGKJ42DNP4YII2P5VTSL6KA,70.603446,55.89852272
BKX5R2EAIWWPW75LDYIGFOOVVWVBZVSXRJAQUJBYDLGIMS4JQU4B2JZZEE,70.426501,55.75843092
ID63WJJTVZUG2DZ2N2Q5RNS3J2TBWIZBKRCHK3RUL3YAI236V36RTHLWGA,70.259873,55.62650734
MUZMYHDUYIRLPWLSD4SMF77LUK4G7KUM4A53DNLDFJ62JHT2S5JVTPV4FU,69.999998,55.42075777
S6VJ42R6F33WDQB4GSQGV3FSJNS47ABO5ABQA5LV3EGPTRQL7ZDVE5ZMUA,69.720707,55.19963607
QCTQSG6USHXBCSXG6FRYVLCY5FNDZBPYUAK6YSWVQNRIJCLCTZXKRDQFWU,69.397692,54.94389698
W4JOPS2AXLMWWYVOSHGOKNDEUPAB72PIMY2HLRW7M5QZRWZD7MPZDSXFRQ,69.346858,54.90365042
YG3FGEPLI4GA5KTPNIROGAVVA2BFU6D4PSYUZ3IXO6X5L7WZFORAYNJZ7Q,69.183705,54.77447809
NTUI3ACRJVT5OAWWVAXIOQZXDFZRV67PEI7NRZPRHQMOSGGWEUOGC34CAU,69.1,54.70820674
E26KB2TTIFJCLUKKPLXCO7XFFYSQ774T65ZIJBTZJDXG5FCYOKF2ZLJVRE,69.016331,54.64196389
7DOYDBTK6KTUTLVZ52RQTEMBFOKBEKWM2XG42NSMACZBRAME57KOPKNGHU,68.754243,54.43446223
PF7A2ZXIF5IRPQTZBZNLHLVRKHJWQLQTN7TZDLMBZ2P3OAD5JHZOKCKNO4,68.743426,54.42589814
ML4Z6ZCWCDCBER2KO5MMIJ66LCZAENU2BPHXWFZUMK5FDUTO3TQPWB4YJE,68.715576,54.40384859
YMIRFAIIRTA6TE7TFLGR2CZL4MWML4DMXGROXKBNYBUFIAWCUWPKBJ5PDY,68.005386,53.84157332
TYCVGMF43IUFOLPGD66TWCSGFJBJZFET23ZCBNMDWWFPE5KGZHYCQQGQ3Q,67.302106,53.28476887
WJ5CILZZJMKV4SORODWYOAG7NJHRMZYLVOGH7MC7SK7YPZKCSLCW5MVBIU,67.23109,53.22854372
DR7LXPLCMDF2WRLE2MVW5PMWYBG3CZBWJTIXD5PHUYZ7OBUFDPQKDWNBGM,67.055996,53.0899174
QNM4AI2LAA3W2J2OLTC4FI7ZS6Q436BHWG2HY7D2UJS2MAPC4CIJBGDMOM,66.894722,52.96223272
KVEFPBEZPF7NU2JIUJ7KEBS7O3GF7N4BGVSLFWX3M7XG4YZSET7GROBZEI,66.539447,52.68095257
W6PJYLAEDBHTY74CECJ5V4YXTW6NQYPJTWAMNKMSUPWK5VYEPJXCLWSCJM,66.033,52.27998575
SOSQXQLWFCX7XSSXDG74PTT3MW2WDUXLK3DK7FKWIHT5E2F42ZNAPM3QYM,65.369036,51.75430877
INCAZ6AZZCHFKTCEIUNYVOGJTGB7PWUHB36IT3PJE5CTELKE4AOEPCKWHQ,65.004577,51.46575741
UMSSLKJIRMKLU66VEGYRLXBBLTG5ZR4WBSGXPYNSS7L37YBVDZ6G4TE55Y,65.001063,51.46297529
IRLJOMYSLYOIE5N32NL2GQLKIGRH5QNVPOIXLJIO4KSDQAXPHSE6VZKOYY,65,51.46213369
3WPQMFXJGJBGM7CMBX2DONYVXHXTFI4HIKFFHFEMGQOHM5Z5T3ALIBD6HM,64.377413,50.96921591
M3B5GRQOXUZALM4QSGKXIBTBDTSMK3KNAFRF45LTB4ANPMQQFJ2LHSDKVY,63.872864,50.56975179
KURUQWRP2WDZ7WVLG25PQRHQGJY4ZS66EJ4WN3TSOJEOD7RVM5MPVP2NTU,63.651349,50.3943728
475KHV7UPY54HBI4DRQULPNZOVVES2I5JL2FRHK6XABH5EL2D3JKO4MSPE,63.607213,50.35942922
KTOUS66MYO56DBYWCWL3A5MPBREFIBIKYXAVURH756EBYZHDYOZX7BCLMM,63.506451,50.27965341
RN46XAINCHUCJ3OP3UFT65JK3YNSW2CNSM5MM24TH3NRPGUQX6LXNRIKTM,63.463261,50.2454588
PGQJKE4RBUMBTDYOXBLCPOXS4DNNLXBADCW46ASKZ3SLZLWJJZJQIJQ2CM,63.104334,49.96128727
WOLLT3TYYDOO6RMN6MDR7WDVSUF3YFMYAHUAMQFNJ4CFEI4U27ENDVK25A,62.999999,49.87868263
2O3MW7W6JPL2RMWJ5QGZEA4STZWMGYDFBKHOHW5PIVBEZF2K5424LCY5GY,62.704748,49.64492499
SHJLRS6RY6PBPCHHE7YJU3QK757XUKMMDWBQRSCF2FVJ4GQX3WZXEUKDRM,62.419828,49.41934667
OQNA3GQYV2XNKUCRBIIZAGHDLUQIE5GLZFWMBJQ7GZPWEA3TLKOTJ2NHNE,62.407148,49.40930759
U2NCQD2YOVOX6YB7IQ46752GLKDPITA4I7PTQ2UBXNCLVEIEVMXWLCCIUA,62.354502,49.36762643
FZCAGH3EMAOKR3IJV27ODGY3UXHHGZYNMETOHLHCXDIXMML3G3TYOQQHX4,62.296719,49.32187818
FK7YJY6NB4MBRUFI5NAC34OF3XKUACLXD46JOJTCBUSMZA4NBQVVXCXT2E,61.999997,49.08695591
ZTUXGRDITAA66BIDOVBP2FZOP45BKGYQDRAHRWGOY24FXBM3AIND2RPTZY,61.999997,49.08695591
F63KFK2Q6REHVYK3KBJZD73TUD5WQYQSFXOGGD4WMS5DLOSUNNXT5NJH24,61.944922,49.04335165
WMGPUNTVDJTZMKP5237BZZ7PQY45ORT35TCL2HDIKIMKRUYS6UFL5VZ2SI,61.825841,48.94907223
GPKK62EWYG2JONPNEI6HGWPO4XVEWWFC724ZSXV6PRLQCY33NDI3LTIMMY,61.779353,48.91226651
PPICYZG5ICJCB2TIRWJROAGCPZJM34LDHXPBMAIIANQJ5WGZDFBOWBXV6M,61.684517,48.83718247
EQQ5LTJZB7VUL7DVYYORHWCJJNWDPDTSKIUUYEZT7JC3S5FHWHLHJ72SYE,61.593172,48.76486234
KLE36ZUB46YNVB72ZFKUCDZBUUHKLNMAUWBVIYAXTXN6EEZCKVGBA72V6Y,61.330641,48.55700994
QMHE7M4TR3RDFURHOR23CTYO2SCUXD2OAKOU3ZO6RIYNCAZD55DZ45TUD4,61.221583,48.47066598
6QOPKDV2NVCXJZ6OGARBI4GLOGMFUA5L5PKWT7SVBSFFPRHYVUEEA2M2NU,61,48.29523315
W5NXCNYWG4FCDMVXZYQBR5X7J2XVSEVBFN4LQBCGRFWX6OSNRC2YSGVOYE,60.934847,48.24364989
HU4MELOCWTKO5Y4GN73XP7PQNTFUU7QR5LLAWG5H5FN64H6FQSMKH46QMI,60.833051,48.16305543
DWYEZKDZUSGQ4G3EXGDKXTY3BSIQCX34HZOSFNLNQRC4JZEGPTRC6GZNJ4,60.696533,48.0549707
S6OVM4MJEGR2ZIXLYAU4MU465YTMYWU7L6XZXZDHOPHNBYLBDAOF5O3GYY,60.667962,48.03235032
BRAHFD3Y7FCYD5VOFWAHI72PCA2IUGAU7NDXQIUZHOVM2NLYN7PYPJ3OQI,60.499998,47.899369
CPAQAL4ZD6BT7DSS3WXLB4X7R42E5LX7GZ3WH36YM43HI5G67L3XEYXGFM,60.46,47.86770158
ZOQEBPXOSAD3KCF6K36YTTOGIXS7N7KGU7WAF2INZ76PMNOVAQXYGITHIM,60.391077,47.81313351
NDP372HFL5IXFXRINAAKN2CMOFXVSBIPFMDCUEPYADTA7NNDVI42KN5BWU,60.294431,47.73661644
EZLIKCIH5YPVNPL5HRLSBA4S2V4UOQOOMSJ62JCJF7STX3QX7AT72BQVAI,60.117837,47.59680254
FMS6ICPXBWGAC47KPS2XWP53MWH76JYXQDVWEN2GY2FHVDY77YMLG4NLTQ,60.087206,47.5725512
5HHP6MI64C6LJJBEUHDHBB4HZEKUI43KMMUJKJWZOLVD2FYSPFD5SOHQYA,60.007392,47.50936045
HOXS7S6OOV5NXRNQI7QLJFLSWAQ7VUYWMXCVIOUDTVV4A7QXHPWIYIVSGI,60,47.50350802
3NE5XO4RMOWBKJNAED7VFSHENG73LHZRA6YKQI3RMRCQNZ4USXP2FY77MU,60,47.50350802
RGKTH7GNGMX56PZMCA3ZSHVESZRANDHZE5OBQW7ZD7353PCBC72GGF7OHY,60,47.50350802
KWNSZFQAAB5GLGJ2H3POOSMOZ765ICGUP4I7KN56O66XO6KZJ3NTGXXVDI,60,47.50350802
3WGOZ7BKIHYZKDE7BSRXQVSXS5QOIJD3P4JVKJ3XZ6ZKXL3GOO2NDOGFUU,60,47.50350802
LU5NV52KENVJBOLVUONXR7KV7RBY4EVLZFK4E5EH2E335SWCQF6UXH4YA4,60,47.50350802
ECPQEOGG74V46LA2JC7GWPMTJRVS7YXI7XVVF6LKC73NJTKMQ7XWLFYSCA,55.796259,44.17530062
XBJ6GTSK6A2XS3X77C2MHESHSXDU7RLYAVD55FBPHAZAFINVFJSHVCUXJ4,55.582331,44.00592844
OT4LR432U3GTJSR7YUYHNGXKQJ3MNHNPX5PUF4ZNTF7MSARHW2666UOWH4,53.803733,42.5977677
M2ELTKKZ6T5ZDYM3YU33H4KMAFA33RJEMHURYDTLX27FH2PD4LGFUE6OFA,53.054617,42.00467374
GCJSQQMHXHCUXNMJU56JK2MBB3Q5DLTZN7CT4ZFVV5ETEVV7HLBZNXSJ5Q,50.5,39.98211925
HMSATAUNUDPS7SCNATXMMWMUGZYBKRULIL5M5TE5UC2K4US7L7G7EMNLAQ,48.596264,38.47488361
IMRKOBQNENT6Y3GMB22SR3EBGXWD5KU4OTXH7QXD3VSRBGFORYCSQ2UUVY,45,35.62763102
COUCAIDEQH3T7Z7I7LZUY4FU3YQ5O5NTKLUEGJ7HXMYLBC34WS5EQGWVUA,45,35.62763102
JFSIIMHJM7LMCFLZSTY5CCAAWON56KSY5VO3NZX2NNQCKIJOYKXBJLI4EM,45,35.62763102
HPUSOARWFVMGKHEPXMLRCVO3US5DNQQQC3B4IBWMEBCBQR5WQSFIJRP7JI,45,35.62763102
HZFRGTPVTZRL4MV37BJ5K54WGZ4LSL5P7EDQHW4MDNOTXZJVB3UAWUA7ZA,45,35.62763102
SYR6YJI7VQ6IBAVOXOFK23J5RMH3TN2PTDMJTUBJHHFL3LATPTQPC3CXIQ,43.725203,34.61834219
VCY2C4PY5BT2QTTWRVJFIZ5O6UGCJZS7FU7X2BC7DFYRORITDUECQQ4OVM,36.69617,29.0532801
3B46MWIKLHKICQGQ3O2NTTOZPEP2DU6FDFTF6KT74XQRYKDTECSTCIPSQQ,35.000999,27.71117061
JZJYDV7L67CNQMIBURXXGVA5LVTRSINWFKR4GYQNHCXTPDJ6T5ZBJKAGKU,31.969957,25.31141848
YTBMDQK2XAD4YP4FY6KZJUH22WERIUYEMZFMX5BWTFZKPVVRU6SZIQ3C3I,30.986023,24.5324132
ZIUDNP6G3JTMKSHYDZBBIZOAEQWXE7ZF2DVCZ7K2JC7Y6YSKTOMABBPMXA,30,23.75175401
ZURAA5JLAGH25DXBQPSPTHQ5OZD6HHJ32BAP7Y4LIRN5QRAENICTGKMUXI,30,23.75175401
63DJ5JME7YUKG6U52OXMQ3X6J7AXBNWCE3EJEKKJKMQFEBDOOANWC3KC4I,30,23.75175401
QJN4L6W4KE2MSA772SDWT2WJD7TWQ3SAJDNAIBPS34YTM3GYGKW6E5PJ6Y,30,23.75175401
KAO4EIFT47VG2BEKIXYG7UPRVUT6EDUM44LPJZDASLWCXQOA4MY3H5443A,30,23.75175401
RMR6BXHCGX2GZ3IGV2TAFIJC26E6KGS2LRQ2K56FWDUBS7OMMNQK5WUBNU,30,23.75175401
VY34D5GKFLAX2X3JUEGNFDDFAGIP6IYEMCGZ4CBTQSH452EU3TWHIN3JMU,30,23.75175401
EPA6S7I6QLXZRJOGLH45SAFG7EUDFDWMF7OOWC7G2B4CRS3ZGVQTXMEL5I,30,23.75175401
DHINQ64O6UZCLT6V6XQELPNH74LYFHDU4NLHLMOG3TUH56VWRT5GCGDZ5Y,30,23.75175401
X72HYW3RWE3PXR7L7O6JQNCWUVWGVZTRGZW773QLBUX7A3WOKO3IAA66GY,30,23.75175401
WEJWORVY5O6IXN6YRNZQ5SGEXF7T3MNAI6JZM5F36WR5JPQ6M2CZP2LXHE,30,23.75175401
CRIYVIXRKAF2WY5XRIIPXFRW3RYCX5R3LFDKMHCGOKPWK2MH2X4SNVX7ZQ,30,23.75175401
NVVNZONXQBDARB3ZU2NL2QSLZ6KOQH4DN7G2GWGJNFIEG64DCIQYSUMLB4,25.642641,20.30192337
QLVRXSJNUS36Z2WM67UR7AM4ID7FPCE4OZ4LKDQWADOOIA45Q2IS43ZCZ4,25.128637,19.89497349
JH3VPZT4IJCKU2BAG3ASJO4KHG2BWUZFGWPYVZXNQPKCHUMYZYJ7SBHCKE,25.003333,19.79576716
Y4RYRPRD7U2VKAZ4MJ4NHXMDTZPWRLY5EZX64AM7KB3T7YP7XBZUGTJRYE,23.922117,18.93974128
CIG7LSEEPX72OXGUVX45UT7PWFQ47OLSOPUVTHG7EYIVIYPLNJXYDYWQT4,23.628509,18.70728445
OLFGESIF6ZVEBWYRORTJPV23VZKCRJZ67LCAWBG3Y2URN6SMUNH7ZES4GY,21.499996,17.02208721
FKNFSZQLBCR736A6CP7RJG54EQR7UKWGPGXFX6QALHVOCZWMISHCAEFM6U,17.229273,13.64084847
FCUYTAHJASYFUXRJC3DM72I7ZPJNOZEZVFIDMDNLMQ4CQBXL32ZK6UUCCM,16.666666,13.19541837
E6LT4ICH7HEA5CCA2NZTKBS3TEAB747WQ2K6O6VE3ETJRFNWKM2DOACNDI,16.306627,12.91036644
DSK3EGCRJ3ZO453OFHE53WLRZVVNQTYSZIKXQ4PAVQVR2OEQEFTJ7QF5FY,15,11.87587701
7XUXDXDGZQROMBTJ5Z3VNZKDOLEAYU2N2YWHUJ5OJPTKVV77XSXD7MGKGA,15,11.87587701
BIZ57TEQFDTXO3VG5MIVPINMP7COPS3GA6VJHGIUS434TU2CDEQDD4OW6Q,15,11.87587701
G5SGKQZNMUROS5IZHT3KU56RSLLGEE7TC5FQSZUXLYKMC3HOTPG7MH7AMM,15,11.87587701
EVBWTWC7XWL6L745G4WKXFQUVNAMD7CPVYJWDHY7XRCGFS3W6QIQN7L7D4,15,11.87587701
BAOCETGYYS6YHPKKW4LI3PJ3W6B66URGDBMYNKAHPKETHLZKV7EP3UOHPY,15,11.87587701
LJ645WMNTO33M7PCQS7WNM2A5PXJDQMPP5P2RMZ3HF5J7MMEV5QS5HYWNY,15,11.87587701
WWZVQKN5LI2DGLCZP5PSJ4DP5BVL446DRT67GTPPQMCR4OG4UP35MZ66AU,15,11.87587701
IMXOTFDXIEA5U7A2ETMK7BCISEDGZG3IFYM3ZJ2MUBY25C2JEV3WZF3DE4,15,11.87587701
NFHJZ6X4ODT7R5H6CJICQSJDQ7CM4WIZJKN3ZWIYEZ4QMADICYF3KFINGQ,15,11.87587701
4ETPGOIXOGSKO7CUAGK2AI64QUXPUBGXRKPIWLFJ53FZVHUYIJDSFUYJAI,15,11.87587701
ZGVAHYDRSYAZ7UFCSHX6LUHSYAQBGYQZLYXOVB5Z6YH6EDRWKXG7PHBF7U,15,11.87587701
BWDCWK37CB3IOSWCXKAGMBQ3P6I4LTYS4MB2EYLCDV4KE7PE72DLBUJCSU,15,11.87587701
Y4GFMM4ANA73XDMVEFHI56JX2ZJ7LMIF6RRNFOAZPNNAKQQWOLOKS3HR34,15,11.87587701
U7CJ5HRRT6N437TEX54T4MN77MH3QF4MD54QWHCIQIOMRI3DMURKPAXNFQ,15,11.87587701
NJZ6GJJJ5BAE5NZOP6RC32F5VGLK6CXSGWYTDZZAJ2POUWDHUWQRIK5WRM,15,11.87587701
SLLRGU7SXI4KHKQZE4K7YNKUKAU7RLIFAFZBKHBANXU24Y7HUKZQOZ7UIQ,15,11.87587701
B3Q4AHWBVJXTVA2PHY3S6N5XT3BRINX7F2JGOJQNWRDASZWVORYZFCHOAM,15,11.87587701
4VKBJQ67MVCSAD6UIQOBHGJKLQ4NLGYBEJSID3KWK6W36TK3SLOOCUGXBU,15,11.87587701
U7LH3QMF73NLT7PUTVAKBPFXMKZIXKSKK273JNFBPAGBG5KX3F2GKYMOKQ,15,11.87587701
HUHT2LPH32XCDT3BVZDWNGJQJ6KAF35QSOSSF3BK37S35DPZLQZGCYG4JU,15,11.87587701
ZHPQHZQXBITBOOZXNI2T3VWH2RWG22QRA3P2M46ZORYNTTFPO735YWKXEQ,15,11.87587701
TI7WKB3ZW2U6VRAL3DW6Z3MOYF2PSJFNNXRCBVFF2P4QSV5V3L4VOPAADE,15,11.87587701
ZDVEB3TEYOKIRTECL53VAETSKPZQZGMKQ75IYWUHGADYSH3LTXYLJ65ZYA,15,11.87587701
WKCADM5C5TWT6RO75OC4V4UPNL5ORPYS3K6HV5N225IEYDKKA4AF7EA2RQ,15,11.87587701
BIDQGOPQXZHORZSZMHFUDW77RTB7JCESUCBBV2RA6PYDX6536C5NKAO3MA,15,11.87587701
JJ564ZZIWXPBSV44V7Y2TW3BODKQUR6R4XRX3QIB5W3DO73IM2UEHZOLEE,14.902725,11.79886194
DIBUVNSHMKOL4BBH6R643JUMBJTNZMR5MLDBTTBNP4RDLPW6NQENXXYSYA,13.42877,10.63189472
HHJPJOYARHBNSCVY26T45WMEXJE5XCQNPXPWCDD72Y6NMPBI2LCR337I3M,12.480477,9.881107321
GHYKTAF7ZAQTJPZWULCOSGYFWKRBNPB3YREWQFUBXPIVB7JHZP7EBEHEKU,10.53477,8.340642187
QC6J6DJPLW4XJPZZLZSCRCXSCF7D3P3FYQ63OSOACFQQZXCXRVNRW4YWBU,10,7.917251337
ZJPNUMOFHMENASQHCGL4FTLYRMEIUATK2GBANXBTWSJVRBYU3QZ6NFNUHU,9.248749,7.322467038
KXJTIEHRMMKRD72PYDBVKV36KI6LZEY6GVV2WVISQMA7LLUUBLB65XJBII,7.847676,6.21320233
C5UVBAEESESRTTXMN7GBXADOVBAVFSR6SMXGGWUHIXKWICPTAMB2OYF6PE,7.770578,6.152161906
XFCZEMYFV2KZ3SY4QEF4JMCT6XJKVAU2QHQYTP4PA7STUOJD53IIXTX6ZM,5.000758,3.959225796
3Z22KGD4W2FNXYE64HJHTWFCG6HTH6VZS7FN2G6O63LKQSSHCUH7WNEIAQ,5,3.958625668
SKUO3Q6YGGSWOLMGSZHKWX3NEWWAGV3GKRIYW2TKSKA5ECTNLFIWEY4E74,3.545228,2.806846112
BV3MYESMABIRJ564RQJFRRLTW25EHW7MAFBFK5LT52IVIORGND2PXQT5MM,3.242973,2.567543232
W2VQOVNEWRIWF7ORQKIK43EY2COY4RF3EPOXNTZ3DQHVPHV4LGVJYNQEUA,1.976595,1.564919941
TXIQXJDRZJVWWFIFGZR2ITQV3MZ6AQBZLZXAVZSS5LXO7SB5LMES4L2OYQ,1.551097,1.22804248
LXJ3Q6RZ2TJ6VCJDFMSM4ZVNYYYE4KVSL3N2TYR23PLNCJCIXBM3NYTBYE,0.5,0.3958625668
ZL73MZ2GG2BOYC2W7KJYN3VAB67KIRYAKVEDNYJGDQ4DKFSVT4W2CABI4A,0.333333,0.263908114
2EVGZ4BGOSL3J64UYDE2BUGTNTBZZZLI54VUQQNZZLYCDODLY33UGXNSIU,0.25,0.1979312834
FSQZZC4ZXDOKYZEF5GXZU4BRCRKXYR545ZJSKUWU6XEHC2OHLR6MMOJPCI,0.003332,0.002638028145